{
  "task": "edu3_reference_mimic_r1",
  "joint_names": [
    "left_thigh_pitch_joint",
    "right_thigh_pitch_joint",
    "torso_joint",
    "left_thigh_roll_joint",
    "right_thigh_roll_joint",
    "left_arm_pitch_joint",
    "right_arm_pitch_joint",
    "left_thigh_yaw_joint",
    "right_thigh_yaw_joint",
    "left_arm_roll_joint",
    "right_arm_roll_joint",
    "left_knee_joint",
    "right_knee_joint",
    "left_arm_yaw_joint",
    "right_arm_yaw_joint",
    "left_ankle_pitch_joint",
    "right_ankle_pitch_joint",
    "left_elbow_pitch_joint",
    "right_elbow_pitch_joint",
    "left_ankle_roll_joint",
    "right_ankle_roll_joint"
  ],
  "actor_input_shape": [
    1,
    750
  ],
  "per_frame_actor_input": 75,
  "history_frames": 10,
  "step0_zero_action": {
    "requested_action": [
      0.0,
      0.0,
      0.0,
      0.0,
      0.0,
      0.0,
      0.0,
      0.0,
      0.0,
      0.0,
      0.0,
      0.0,
      0.0,
      0.0,
      0.0,
      0.0,
      0.0,
      0.0,
      0.0,
      0.0,
      0.0
    ],
    "delayed_action": [
      0.0,
      0.0,
      0.0,
      0.0,
      0.0,
      0.0,
      0.0,
      0.0,
      0.0,
      0.0,
      0.0,
      0.0,
      0.0,
      0.0,
      0.0,
      0.0,
      0.0,
      0.0,
      0.0,
      0.0,
      0.0
    ],
    "reference_target_rad": [
      -0.3787950277328491,
      0.43313124775886536,
      -0.12599922716617584,
      -0.10249250382184982,
      -0.15381485223770142,
      -0.11162222176790237,
      0.07076333463191986,
      0.013394767418503761,
      -0.19373080134391785,
      0.127519428730011,
      -0.15252651274204254,
      0.4480169415473938,
      -0.7987655401229858,
      -0.19760701060295105,
      0.2710396945476532,
      -0.2337915450334549,
      0.12987284362316132,
      0.694560170173645,
      -0.8015526533126831,
      0.07318936288356781,
      0.03170935437083244
    ],
    "raw_target_rad": [
      -0.3787950277328491,
      0.43313124775886536,
      -0.12599922716617584,
      -0.10249250382184982,
      -0.15381485223770142,
      -0.11162222176790237,
      0.07076333463191986,
      0.013394767418503761,
      -0.19373080134391785,
      0.127519428730011,
      -0.15252651274204254,
      0.4480169415473938,
      -0.7987655401229858,
      -0.19760701060295105,
      0.2710396945476532,
      -0.2337915450334549,
      0.12987284362316132,
      0.694560170173645,
      -0.8015526533126831,
      0.07318936288356781,
      0.03170935437083244
    ],
    "executed_target_rad": [
      -0.3787950277328491,
      0.43313124775886536,
      -0.12599922716617584,
      -0.10249250382184982,
      -0.15381485223770142,
      -0.11162222176790237,
      0.07076333463191986,
      0.013394767418503761,
      -0.19373080134391785,
      0.127519428730011,
      -0.15252651274204254,
      0.4480169415473938,
      -0.7987655401229858,
      -0.19760701060295105,
      0.2710396945476532,
      -0.2337915450334549,
      0.12987284362316132,
      0.694560170173645,
      -0.8015526533126831,
      0.07318936288356781,
      0.03170935437083244
    ],
    "effective_action": [
      0.0,
      0.0,
      0.0,
      0.0,
      0.0,
      0.0,
      0.0,
      0.0,
      0.0,
      0.0,
      0.0,
      0.0,
      0.0,
      0.0,
      0.0,
      0.0,
      0.0,
      0.0,
      0.0,
      0.0,
      0.0
    ],
    "last_action": [
      0.0,
      0.0,
      0.0,
      0.0,
      0.0,
      0.0,
      0.0,
      0.0,
      0.0,
      0.0,
      0.0,
      0.0,
      0.0,
      0.0,
      0.0,
      0.0,
      0.0,
      0.0,
      0.0,
      0.0,
      0.0
    ],
    "actual_target_readback_rad": [
      -0.3787950277328491,
      0.43313124775886536,
      -0.12599922716617584,
      -0.10249250382184982,
      -0.15381485223770142,
      -0.11162222176790237,
      0.07076333463191986,
      0.013394767418503761,
      -0.19373080134391785,
      0.127519428730011,
      -0.15252651274204254,
      0.4480169415473938,
      -0.7987655401229858,
      -0.19760701060295105,
      0.2710396945476532,
      -0.2337915450334549,
      0.12987284362316132,
      0.694560170173645,
      -0.8015526533126831,
      0.07318936288356781,
      0.03170935437083244
    ],
    "raw_target_oob_count": 0,
    "executed_target_oob_count": 0,
    "target_readback_max_abs_error_rad": 0.0,
    "history_effective_action_max_abs_error": 0.0
  },
  "step1_forced_clamp": {
    "requested_action": [
      10.0,
      10.0,
      10.0,
      10.0,
      10.0,
      10.0,
      10.0,
      10.0,
      10.0,
      10.0,
      10.0,
      10.0,
      10.0,
      10.0,
      10.0,
      10.0,
      10.0,
      10.0,
      10.0,
      10.0,
      10.0
    ],
    "delayed_action": [
      10.0,
      10.0,
      10.0,
      10.0,
      10.0,
      10.0,
      10.0,
      10.0,
      10.0,
      10.0,
      10.0,
      10.0,
      10.0,
      10.0,
      10.0,
      10.0,
      10.0,
      10.0,
      10.0,
      10.0,
      10.0
    ],
    "reference_target_rad": [
      -0.34820687770843506,
      0.51786869764328,
      -0.14906588196754456,
      -0.11405225098133087,
      -0.17606133222579956,
      -0.15992063283920288,
      0.05838239565491676,
      0.0187542587518692,
      -0.1993415355682373,
      0.1377425193786621,
      -0.15580248832702637,
      0.43562716245651245,
      -0.7589603662490845,
      -0.19549299776554108,
      0.2693043351173401,
      -0.2535843551158905,
      0.13513068854808807,
      0.7190579175949097,
      -0.7781800031661987,
      0.07645878195762634,
      0.025322292000055313
    ],
    "raw_target_rad": [
      2.1517930030822754,
      3.017868757247925,
      2.3509340286254883,
      2.3859477043151855,
      2.3239386081695557,
      2.3400793075561523,
      2.558382511138916,
      2.518754243850708,
      2.3006584644317627,
      2.637742519378662,
      2.3441975116729736,
      2.9356272220611572,
      1.7410396337509155,
      2.30450701713562,
      2.7693042755126953,
      2.246415615081787,
      2.6351306438446045,
      3.219058036804199,
      1.7218199968338013,
      2.576458692550659,
      2.525322198867798
    ],
    "executed_target_rad": [
      0.7854000329971313,
      1.5707999467849731,
      0.7853999733924866,
      0.7853999733924866,
      0.34909993410110474,
      0.7853999137878418,
      2.3561997413635254,
      0.7853999733924866,
      0.7853999733924866,
      2.3561997413635254,
      0.0,
      1.221699833869934,
      0.0,
      0.7853999733924866,
      0.7853999733924866,
      0.43629997968673706,
      0.43629997968673706,
      1.5707999467849731,
      0.0,
      0.43629997968673706,
      0.43629997968673706
    ],
    "effective_action": [
      4.534427642822266,
      4.211725234985352,
      3.737863540649414,
      3.597808837890625,
      2.100645065307617,
      3.7812821865081787,
      9.191268920898438,
      3.0665829181671143,
      3.9389660358428955,
      8.873828887939453,
      0.6232099533081055,
      3.1442906856536865,
      3.035841464996338,
      3.923571825027466,
      2.064382553100586,
      2.7595372200012207,
      1.2046771049499512,
      3.406968116760254,
      3.112720012664795,
      1.4393647909164429,
      1.6439107656478882
    ],
    "last_action": [
      4.534427642822266,
      4.211725234985352,
      3.737863540649414,
      3.597808837890625,
      2.100645065307617,
      3.7812821865081787,
      9.191268920898438,
      3.0665829181671143,
      3.9389660358428955,
      8.873828887939453,
      0.6232099533081055,
      3.1442906856536865,
      3.035841464996338,
      3.923571825027466,
      2.064382553100586,
      2.7595372200012207,
      1.2046771049499512,
      3.406968116760254,
      3.112720012664795,
      1.4393647909164429,
      1.6439107656478882
    ],