{
  "engine": "Isaac Lab / PhysX",
  "checkpoint": "/home/zero/edu3_reference_mimic_v1/project/logs/edu3_reference_mimic_r1/2026-07-23_02-25-10_EDU3_XIAOHAI_REF_25_10_V1_seed43/model_1000.pt",
  "steps": 405,
  "seconds": 8.1,
  "actor_input": 750,
  "actor_output": 21,
  "joint_names": [
    "left_thigh_pitch_joint",
    "right_thigh_pitch_joint",
    "torso_joint",
    "left_thigh_roll_joint",
    "right_thigh_roll_joint",
    "left_arm_pitch_joint",
    "right_arm_pitch_joint",
    "left_thigh_yaw_joint",
    "right_thigh_yaw_joint",
    "left_arm_roll_joint",
    "right_arm_roll_joint",
    "left_knee_joint",
    "right_knee_joint",
    "left_arm_yaw_joint",
    "right_arm_yaw_joint",
    "left_ankle_pitch_joint",
    "right_ankle_pitch_joint",
    "left_elbow_pitch_joint",
    "right_elbow_pitch_joint",
    "left_ankle_roll_joint",
    "right_ankle_roll_joint"
  ],
  "first_capture_threshold_step": 299,
  "first_capture_threshold_s": 5.98,
  "minimum_base_height_m": 0.3403415381908417,
  "maximum_tilt_deg": 19.822389602661133,
  "final_displacement_m": [
    0.42692291736602783,
    2.1060876846313477,
    -0.044261932373046875
  ],
  "raw_target_oob_total": 748,
  "executed_target_oob_total": 0,
  "target_edge_rate": [
    0.0,
    0.0,
    0.0,
    0.0,
    0.0,
    0.0,
    0.0,
    0.0,
    0.0,
    0.9259259259259259,
    0.9234567901234568,
    0.0,
    0.0,
    0.0,
    0.0,
    0.0,
    0.0024691358024691358,
    0.0,
    0.0,
    0.0,
    0.0
  ],
  "net_torque_rms_nm": [
    2.682337760925293,
    2.4976048469543457,
    1.0312484502792358,
    3.5814714431762695,
    4.236705303192139,
    1.2707515954971313,
    1.4128425121307373,
    2.2274630069732666,
    2.040928840637207,
    0.8032639026641846,
    1.0945141315460205,
    2.2707560062408447,
    2.3834433555603027,
    0.5904042720794678,
    0.6270889043807983,
    2.7731878757476807,
    1.6539204120635986,
    0.2749989330768585,
    0.6076477766036987,
    1.0140525102615356,
    1.0543639659881592
  ],
  "net_torque_abs_peak_nm": [
    10.371708869934082,
    10.652732849121094,
    3.2789719104766846,
    11.255573272705078,
    12.417230606079102,
    3.2831945419311523,
    4.447585582733154,
    8.678243637084961,
    10.272197723388672,
    1.7737048864364624,
    2.727266788482666,
    7.447777271270752,
    11.552021980285645,
    1.5272613763809204,
    1.9620604515075684,
    10.338641166687012,
    10.210107803344727,
    0.7822068929672241,
    3.8679137229919434,
    2.883615493774414,
    3.019961357116699
  ],
  "peak_saturation_rate": [
    0.0,
    0.0,
    0.0,
    0.0,
    0.0,
    0.0,
    0.0,
    0.0,
    0.0,
    0.0,
    0.0,
    0.0,
    0.0,
    0.0,
    0.0,
    0.0,
    0.0,
    0.0,
    0.0,
    0.0,
    0.0
  ],
  "automatic_reset": false,
  "domain_randomization": false,
  "video": "/home/zero/edu3_reference_mimic_v1/eval/seed43/EDU3_Reference_seed43_model1000_Isaac.mp4",
  "jit_policy": "/home/zero/edu3_reference_mimic_v1/eval/seed43/exported/EDU3_Reference_seed43_model1000_policy.pt"
}