{
  "engine": "Isaac Lab / PhysX",
  "checkpoint": "/home/zero/edu3_reference_mimic_v1/project/logs/edu3_reference_mimic_r1/2026-07-23_02-25-10_EDU3_XIAOHAI_REF_25_10_V1_seed42/model_1000.pt",
  "steps": 405,
  "seconds": 8.1,
  "actor_input": 750,
  "actor_output": 21,
  "joint_names": [
    "left_thigh_pitch_joint",
    "right_thigh_pitch_joint",
    "torso_joint",
    "left_thigh_roll_joint",
    "right_thigh_roll_joint",
    "left_arm_pitch_joint",
    "right_arm_pitch_joint",
    "left_thigh_yaw_joint",
    "right_thigh_yaw_joint",
    "left_arm_roll_joint",
    "right_arm_roll_joint",
    "left_knee_joint",
    "right_knee_joint",
    "left_arm_yaw_joint",
    "right_arm_yaw_joint",
    "left_ankle_pitch_joint",
    "right_ankle_pitch_joint",
    "left_elbow_pitch_joint",
    "right_elbow_pitch_joint",
    "left_ankle_roll_joint",
    "right_ankle_roll_joint"
  ],
  "first_capture_threshold_step": 304,
  "first_capture_threshold_s": 6.08,
  "minimum_base_height_m": 0.3399544656276703,
  "maximum_tilt_deg": 22.959936141967773,
  "final_displacement_m": [
    0.45057788491249084,
    2.019144296646118,
    -0.03854793310165405
  ],
  "raw_target_oob_total": 767,
  "executed_target_oob_total": 0,
  "target_edge_rate": [
    0.0,
    0.0,
    0.0,
    0.0,
    0.0,
    0.0,
    0.0,
    0.0,
    0.0,
    0.9580246913580247,
    0.9308641975308642,
    0.0,
    0.0,
    0.0,
    0.0,
    0.0049382716049382715,
    0.0,
    0.0,
    0.0,
    0.0,
    0.0
  ],
  "net_torque_rms_nm": [
    2.9585440158843994,
    2.751046657562256,
    1.2582130432128906,
    3.84429931640625,
    4.110631942749023,
    1.160972237586975,
    1.5303102731704712,
    1.8744745254516602,
    2.253108501434326,
    0.753391683101654,
    1.0944393873214722,
    2.1586482524871826,
    2.6297764778137207,
    0.5264207720756531,
    0.730725884437561,
    2.1913163661956787,
    1.6479042768478394,
    0.28729119896888733,
    0.37780430912971497,
    0.9710782170295715,
    0.9842441082000732
  ],
  "net_torque_abs_peak_nm": [
    10.19526481628418,
    8.92732048034668,
    4.241188049316406,
    11.585515975952148,
    11.596938133239746,
    3.443122625350952,
    4.567166328430176,
    7.324181079864502,
    7.491592884063721,
    1.970690369606018,
    2.4105565547943115,
    6.944939613342285,
    9.974343299865723,
    1.7704991102218628,
    2.3765716552734375,
    9.53467845916748,
    6.755839824676514,
    1.029906988143921,
    1.3542808294296265,
    3.5547144412994385,
    2.7550177574157715
  ],
  "peak_saturation_rate": [
    0.0,
    0.0,
    0.0,
    0.0,
    0.0,
    0.0,
    0.0,
    0.0,
    0.0,
    0.0,
    0.0,
    0.0,
    0.0,
    0.0,
    0.0,
    0.0,
    0.0,
    0.0,
    0.0,
    0.0,
    0.0
  ],
  "automatic_reset": false,
  "domain_randomization": false,
  "video": "/home/zero/edu3_reference_mimic_v1/eval/seed42/EDU3_Reference_seed42_model1000_Isaac.mp4",
  "jit_policy": "/home/zero/edu3_reference_mimic_v1/eval/seed42/exported/EDU3_Reference_seed42_model1000_policy.pt"
}